{
  "ingridients": {
    "rice": {
      "calorie": 1.3,
      "tb": 2.66,
      "nutrients": [
        0.28, 0.027, 0.003, 0.0001, 0.00035, 0.00001, 0, 0.00012, 0.000002
      ],
      "minimum": 0,
      "maximum": 10000000
    },
    "bori": {
      "calorie": 3.54,
      "tb": 0.49,
      "nutrients": [
        0.00073, 0.12, 0.023, 0.00033, 0.00452, 0.00012, 0, 0.00133, 0.000054
      ],
      "minimum": 0,
      "maximum": 10000000
    },
    "wheat": {
      "calorie": 3.4,
      "tb": 0.51,
      "nutrients": [
        0.72, 0.132, 0.025, 0.00034, 0.00363, 0.00002, 0, 0.00137, 0.000036
      ],
      "minimum": 0,
      "maximum": 10000000
    },
    "corn": {
      "calorie": 0.85,
      "tb": 0.63,
      "nutrients": [
        0.19, 0.032, 0.012, 0.00002, 0.0027, 0.00015, 0.000068, 0.00037,
        0.000005
      ],
      "minimum": 0,
      "maximum": 10000000
    },
    "cow": {
      "calorie": 2.5,
      "tb": 28.73,
      "nutrients": [
        0, 0.26, 0.15, 0.00018, 0.00318, 0.00072, 0, 0.00021, 0.00026
      ],
      "minimum": 0,
      "maximum": 10000000
    },
    "pig": {
      "calorie": 2.42,
      "tb": 5.85,
      "nutrients": [
        0, 0.27, 0.14, 0.00019, 0.00423, 0.00062, 0.000006, 0.00028, 0.000009
      ],
      "minimum": 0,
      "maximum": 10000000
    },
    "chicken": {
      "calorie": 2.39,
      "tb": 4.12,
      "nutrients": [
        0, 0.27, 0.14, 0.00015, 0.00223, 0.00082, 0, 0.00023, 0.000013
      ],
      "minimum": 0,
      "maximum": 10000000
    },
    "ori": {
      "calorie": 3.37,
      "tb": 9.87,
      "nutrients": [
        0, 0.19, 0.28, 0.00011, 0.00204, 0.00059, 0, 0.00016, 0.000027
      ],
      "minimum": 0,
      "maximum": 10000000
    },
    "tofu": {
      "calorie": 0.76,
      "tb": 3.16,
      "nutrients": [
        0.019, 0.08, 0.048, 0.0035, 0.00121, 0.00007, 0.000001, 0.0003, 0.000054
      ],
      "minimum": 0,
      "maximum": 10000000
    },
    "redbean": {
      "calorie": 3.29,
      "tb": 2,
      "nutrients": [
        0.63, 0.2, 0.005, 0.00066, 0.01254, 0.00005, 0, 0.00127, 0.00005
      ],
      "minimum": 0,
      "maximum": 10000000
    },
    "pea": {
      "calorie": 0.81,
      "tb": 0.6,
      "nutrients": [
        0.14, 0.05, 0.004, 0.00025, 0.00244, 0.00005, 0.0004, 0.00033, 0.000015
      ],
      "minimum": 0,
      "maximum": 10000000
    },
    "milk": {
      "calorie": 0.42,
      "tb": 1.39,
      "nutrients": [0.05, 0.034, 0.01, 0.00125, 0.0015, 0.00044, 0, 0.00011, 0],
      "minimum": 0,
      "maximum": 10000000
    },
    "butter": {
      "calorie": 7.16,
      "tb": 11.52,
      "nutrients": [
        0.001, 0.009, 0.81, 0.00024, 0.00024, 0.00011, 0, 0.00002, 0
      ],
      "minimum": 0,
      "maximum": 10000000
    },
    "cheese": {
      "calorie": 4.05,
      "tb": 8.86,
      "nutrients": [
        0.013, 0.25, 0.33, 0.00721, 0.0098, 0.00621, 0, 0.00028, 0.000007
      ],
      "minimum": 0,
      "maximum": 10000000
    },
    "egg": {
      "calorie": 1.55,
      "tb": 3.39,
      "nutrients": [
        0.011, 0.13, 0.11, 0.0005, 0.00126, 0.00124, 0, 0.0001, 0.000012
      ],
      "minimum": 0,
      "maximum": 10000000
    },
    "chub_mackerel": {
      "calorie": 3.05,
      "tb": 2,
      "nutrients": [
        0, 0.19, 0.25, 0.00066, 0.0052, 0.0445, 0, 0.0006, 0.000014
      ],
      "minimum": 0,
      "maximum": 10000000
    },
    "squid": {
      "calorie": 0.92,
      "tb": 8.07,
      "nutrients": [
        0.031, 0.156, 0.014, 0.00032, 0.00246, 0.00044, 0.000047, 0.00033,
        0.000007
      ],
      "minimum": 0,
      "maximum": 10000000
    },
    "shrimp": {
      "calorie": 0.85,
      "tb": 14.85,
      "nutrients": [
        0, 0.2, 0.001, 0.00064, 0.00264, 0.00119, 0.00002, 0.00035, 0.000005
      ],
      "minimum": 0,
      "maximum": 10000000
    },
    "salmon": {
      "calorie": 1.2,
      "tb": 4.14,
      "nutrients": [
        0, 0.2, 0.038, 0.00011, 0.00429, 0.0005, 0, 0.00022, 0.000006
      ],
      "minimum": 0,
      "maximum": 10000000
    },
    "hairtail": {
      "calorie": 2.66,
      "tb": 5.631,
      "nutrients": [
        0, 0.165, 0.209, 0.00012, 0.0029, 0.00088, 0.00001, 0.00029, 0.000002
      ],
      "minimum": 0,
      "maximum": 10000000
    },
    "abalone": {
      "calorie": 0.73,
      "tb": 0.0441,
      "nutrients": [
        0.04, 0.127, 0.003, 0.0002, 0.002, 0.0033, 0.00001, 0.00054, 0.000015
      ],
      "minimum": 0,
      "maximum": 10000000
    },
    "tuna": {
      "calorie": 1.31,
      "tb": 2.6,
      "nutrients": [
        0, 0.28, 0.013, 0.00037, 0.00522, 0.00047, 0.00001, 0.00044, 0.000016
      ],
      "minimum": 0,
      "maximum": 10000000
    },
    "pollak": {
      "calorie": 0.79,
      "tb": 1.65,
      "nutrients": [
        0.001, 0.18, 0.002, 0.00041, 0.0035, 0.0013, 0, 0.00032, 0.000004
      ],
      "minimum": 0,
      "maximum": 10000000
    },
    "halibut": {
      "calorie": 1,
      "tb": 0.0441,
      "nutrients": [
        0.001, 0.2, 0.017, 0.00007, 0.004, 0.00072, 0, 0.00028, 0.000001
      ],
      "minimum": 0,
      "maximum": 10000000
    },
    "anchovy": {
      "calorie": 1.92,
      "tb": 0.2,
      "nutrients": [
        0.003, 0.182, 0.121, 0.0006, 0.003, 0.00085, 0.00001, 0.00032, 0.000009
      ],
      "minimum": 0,
      "maximum": 10000000
    },
    "oyster": {
      "calorie": 0.6,
      "tb": 1.685,
      "nutrients": [
        0.047, 0.066, 0.014, 0.00088, 0.0019, 0.0052, 0.00003, 0.00074, 0.000019
      ],
      "minimum": 0,
      "maximum": 10000000
    },
    "webfoot": {
      "calorie": 0.7,
      "tb": 2.8,
      "nutrients": [
        0.001, 0.146, 0.008, 0.0002, 0.002, 0.0025, 0.00001, 0.00043, 0.000022
      ],
      "minimum": 0,
      "maximum": 10000000
    },
    "small_octopus": {
      "calorie": 0.73,
      "tb": 2.8,
      "nutrients": [
        0, 0.163, 0.0043, 0.00026, 0.00237, 0.00479, 0, 0.00067, 0.000148
      ],
      "minimum": 0,
      "maximum": 10000000
    },
    "laver": {
      "calorie": 0.34,
      "tb": 0.01,
      "nutrients": [
        0.05, 0.06, 0.003, 0.0007, 0.00356, 0.00048, 0.00039, 0.00002, 0.000018
      ],
      "minimum": 0,
      "maximum": 10000000
    },
    "seaweed": {
      "calorie": 0.45,
      "tb": 0.0001,
      "nutrients": [
        0.091, 0.03, 0.006, 0.0015, 0.0005, 0.00872, 0.00003, 0.00107, 0.000022
      ],
      "minimum": 0,
      "maximum": 10000000
    },
    "kelp": {
      "calorie": 0.43,
      "tb": 0.0001,
      "nutrients": [
        0.096, 0.017, 0.006, 0.00168, 0.00089, 0.00233, 0.00003, 0.00121,
        0.000028
      ],
      "minimum": 0,
      "maximum": 10000000
    },
    "apple": {
      "calorie": 0.52,
      "tb": 0.43,
      "nutrients": [
        0.14, 0.003, 0.002, 0.00006, 0.00107, 0.00001, 0.000046, 0.00005,
        0.000001
      ],
      "minimum": 0,
      "maximum": 10000000
    },
    "watermelon": {
      "calorie": 0.3,
      "tb": 0.32,
      "nutrients": [
        0.08, 0.006, 0.002, 0.00007, 0.00112, 0.00001, 0.000081, 0.0001,
        0.000002
      ],
      "minimum": 0,
      "maximum": 10000000
    },
    "mandarin": {
      "calorie": 0.53,
      "tb": 0.45,
      "nutrients": [
        0.13, 0.008, 0.003, 0.00037, 0.00166, 0.00002, 0.000267, 0.00012,
        0.000002
      ],
      "minimum": 0,
      "maximum": 10000000
    },
    "peach": {
      "calorie": 0.44,
      "tb": 0.54,
      "nutrients": [
        0.11, 0.011, 0.003, 0.00006, 0.00201, 0, 0.000054, 0.00009, 0.000003
      ],
      "minimum": 0,
      "maximum": 10000000
    },
    "oriental_orange": {
      "calorie": 0.32,
      "tb": 0.376,
      "nutrients": [
        0.078, 0.008, 0.001, 0.00006, 0.0028, 0.0001, 0.0003, 0.00012, 0.000002
      ],
      "minimum": 0,
      "maximum": 10000000
    },
    "strawberry": {
      "calorie": 0.34,
      "tb": 0.65,